module,finding_count,duration
fingerprint,0,2.9
portscan,0,13.2
subdomain,0,2.5
headers,6,12.9
ssl,1,2.2
sqli,2,3.3
xss,2,2.6
ssti,0,3.0
csrf,1,2.4
ssrf,1,25.4
xxe,0,6.0
lfi,0,3.7
cmdi,0,15.2
idor,1,2.2
jwt,1,2.7
upload,0,2.0
directory,5,2.5
info,0,19.4
auth,0,4.4
misconfig,3,2.5
cors,1,5.9
session_security,0,3.5
cve_check,0,2.8
zero_day,10,2.9
nosql,1,3.0
subdomain_takeover,0,8.4
hpp,1,3.3
graphql,3,2.7
deserialization,0,4.5
business_logic,2,2.7
cache_poisoning,2,45.9
dom_xss,0,3.2
host_header,2,3.5
http_method,12,2.6
ldap_injection,0,4.4
mass_assignment,0,3.0
oauth_misconfig,2,2.2
open_redirect,1,3.2
prototype_pollution,0,22.3
race_condition,0,13.1
request_smuggling,0,4.3
second_order,0,2.3
websocket_security,1,3.4
